<?xml version="1.0" encoding="UTF-8"?>
<project-private xmlns="http://www.netbeans.org/ns/project-private/1">
    <editor-bookmarks xmlns="http://www.netbeans.org/ns/editor-bookmarks/2" lastBookmarkId="0"/>
    <open-files xmlns="http://www.netbeans.org/ns/projectui-open-files/2">
        <group>
            <file>file:/C:/Users/DELL/Documents/NetBeansProjects/LICOR%20STORE/src/Modeloo/DAOEmpleado.java</file>
            <file>file:/C:/Users/DELL/Documents/NetBeansProjects/LICOR%20STORE/src/Vista/JInternalFrameCliente.java</file>
            <file>file:/C:/Users/DELL/Documents/NetBeansProjects/LICOR%20STORE/src/Modeloo/DAOCliente.java</file>
            <file>file:/C:/Users/DELL/Documents/NetBeansProjects/LICOR%20STORE/src/Modeloo/DAOProveedor.java</file>
            <file>file:/C:/Users/DELL/Documents/NetBeansProjects/LICOR%20STORE/src/Modelo/Conexion/Conexion.java</file>
        </group>
    </open-files>
</project-private>
